,Numerator,Denominator,Cosine_Similarity
5594.txt,1.30102999566,27.34866401,0.248782169975
3478.txt,0.977118133923,23.2613243977,0.202595527801
209.txt,0.488559066961,24.2209788582,0.0992707338306
3954.txt,0.488559066961,50.2586959973,0.0689146364519
